<?xml version="1.0" encoding="UTF-8"?>
<Configuration status="INFO">
    <!--    해당 설정파일에서 사용하는 프로퍼티-->
    <Properties>
        <Property name="logNm">DuDe-Project</Property>
        <Property name="layoutPattern">%style{%d{yyyy/MM/dd HH:mm:ss,SSS}}{cyan} %highlight{[%-5p]}{FATAL=bg_red, ERROR=red,
            INFO=green, DEBUG=blue}  [%C] %style{[%t]}{yellow}- %m%n -</Property>
    </Properties>
    <!--    LogEvent를 전달해주는 Appender-->
    <Appenders>
        <Console name="Console_Appender" target="SYSTEM_OUT">
            <PatternLayout pattern="${layoutPattern}"/>
        </Console>
        <RollingFile name="File_Appender" fileName="C:/dude_logs/${logNm}.log" filePattern="C:/dude_logs/${logNm}_%d{yyyy-MM-dd}_%i.log.gz">
            <PatternLayout pattern="${layoutPattern}"/>
            <Policies>
                <SizeBasedTriggeringPolicy size="200KB"/>
                <TimeBasedTriggeringPolicy interval="1"/>
            </Policies>
            <DefaultRolloverStrategy max="10" fileIndex="min"/>
        </RollingFile>
    </Appenders>
    <!--    실제 Logger-->
    <Loggers>
        <Root level="INFO" additivity="false">
            <AppenderRef ref="Console_Appender"/>
            <AppenderRef ref="File_Appender"/>
        </Root>
        <Logger name="org.springframework" level="DEBUG"
                additivity="false">
            <AppenderRef ref="Console_Appender" />
            <AppenderRef ref="File_Appender"/>
        </Logger>
        <Logger name="com.fucct" level="INFO" additivity="false">
            <AppenderRef ref="Console_Appender" />
            <AppenderRef ref="File_Appender"/>
        </Logger>
        <Logger name="com.fucct.springlog4j2.loggertest" level="TRACE" additivity="false">
            <AppenderRef ref="Console_Appender" />
        </Logger>
    </Loggers>
</Configuration>